ROI anualizado (%),Volatilidad anual (%),Sharpe,Sortino,Max Drawdown (%),Calmar,Hit Ratio (%),Profit Factor,N dias,Modelo,Periodo
-39.45,62.55,-0.545,-0.724,-89.08,-0.443,46.1,0.916,833,Buy&Hold IAG,In-Sample (hasta 2022)
-4.87,10.88,-0.772,-0.757,-22.88,-0.213,15.13,0.884,833,Random Forest,In-Sample (hasta 2022)
-11.46,11.34,-1.369,-1.333,-39.38,-0.291,17.53,0.761,833,XGBoost,In-Sample (hasta 2022)
-6.17,7.46,-1.351,-0.614,-27.09,-0.228,3.48,0.615,833,Naive Bayes,In-Sample (hasta 2022)
40.98,31.75,1.116,1.485,-41.54,0.986,55.41,1.238,758,Buy&Hold IAG,OOS (2023-2025)
0.36,5.58,-0.624,-0.447,-8.35,0.043,17.28,1.03,758,Random Forest,OOS (2023-2025)
0.84,6.26,-0.473,-0.417,-9.91,0.085,21.64,1.047,758,XGBoost,OOS (2023-2025)
1.22,3.25,-0.84,-0.433,-5.42,0.226,7.39,1.199,758,Naive Bayes,OOS (2023-2025)
-9.43,50.32,-0.019,-0.024,-89.08,-0.106,50.53,1.011,1591,Buy&Hold IAG,Completo
-2.41,8.76,-0.691,-0.604,-24.51,-0.098,16.15,0.927,1591,Random Forest,Completo
-5.8,9.28,-1.028,-0.941,-39.38,-0.147,19.48,0.845,1591,XGBoost,Completo
-2.71,5.85,-1.125,-0.504,-27.09,-0.1,5.34,0.772,1591,Naive Bayes,Completo
